threshold,hash_method,n_images,n_succeeded,success_rate,median_steps,p95_steps,median_time_ms,p95_time_ms
T0.08,NeuralHash,500,500,1.0,28.0,99.0,4644.996499999999,16540.072199999988
T0.08,pHash,500,500,1.0,12.0,28.0,941.1295,2531.930899999997
T0.10,NeuralHash,500,500,1.0,37.0,112.0,5877.970499999999,19032.44594999999
T0.10,pHash,500,500,1.0,13.0,40.09999999999991,1194.4105,3641.5722999999957
T0.12,NeuralHash,500,500,1.0,44.0,130.0,7053.3145,21183.5853
T0.12,pHash,500,500,1.0,13.0,40.09999999999991,1134.3635,3521.813349999997
