threshold,n_images,n_succeeded,success_rate,median_steps,p95_steps,median_time_ms,p95_time_ms
T0.08,500,500,1.0,28.0,99.0,4644.996499999999,16540.072199999988
T0.10,500,500,1.0,37.0,112.0,5877.970499999999,19032.44594999999
T0.12,500,500,1.0,44.0,130.0,7053.3145,21183.5853
