threshold,n_images,n_succeeded,success_rate,median_steps,p95_steps,median_time_ms,p95_time_ms
T0.08,500,500,1.0,12.0,28.0,941.1295,2531.930899999997
T0.10,500,500,1.0,13.0,40.09999999999991,1194.4105,3641.5722999999957
T0.12,500,500,1.0,13.0,40.09999999999991,1134.3635,3521.813349999997
T0.30,500,500,1.0,90.5,399.2999999999997,7382.019,32347.843849999917
