threshold,n_total,n_success,n_failure,success_rate_pct,steps_median,steps_mean,steps_p25,steps_p75,steps_p95,steps_max,steps_skew,l_inf_median,l_inf_p95,l2_median,ssim_median,ssim_lt_099,ssim_lt_095,ssim_lt_090,time_ms_median,time_ms_p95,dist_raw_median,dist_raw_min,dist_raw_max,pct_even_dist_raw
0.08,500,500,0,100.0,28.0,35.0,19.0,40.0,76.0,451,6.725,0.0157,0.051,4.0251,0.9966,77,7,1,4476.0,11880.0,22.0,22,26,100.0
0.1,500,500,0,100.0,35.0,46.3,24.0,52.0,103.19999999999982,609,6.005,0.0196,0.0706,4.9531,0.9953,110,8,3,5339.0,16757.0,26.0,26,34,100.0
0.12,500,500,0,100.0,49.0,67.6,32.0,75.0,159.34999999999968,1301,8.095,0.0314,0.1098,6.4602,0.9926,186,20,5,6314.0,20360.0,32.0,32,36,100.0
0.3,500,422,78,84.4,263.0,378.1,136.25,468.5,1270.4999999999995,1972,1.993,0.1667,0.3959,19.0487,0.9526,398,200,91,33619.0,150722.0,78.0,78,80,100.0
